Experiment,mean_rmass,SD_rmass,Sex
Control,2.5557940166265363,1.994213313540459,NA
Treatment,2.961095015907389,2.874431723622422,NA
NA,2.9004091922272406,2.3070566788107327,Female
NA,2.5759185043180337,2.687536257849775,Male
